<?xml version="1.0" encoding="UTF-8"?>
<properties>
	<version>0.9.5</version>
	<zipUrl>http://192.168.1.15/talkandplay/talkandplay.zip</zipUrl>
	<versionFileUrl>http://192.168.1.15/talkandplay/properties.xml</versionFileUrl>
	<tmpFolder>tmp</tmpFolder>
	<resourcesFolder>resources</resourcesFolder>
	<zipFile>talkandplay.zip</zipFile>
	<propertiesFile>properties.xml</propertiesFile>
	<updater>jarUpdater-1.0-SNAPSHOT-jar-with-dependencies.jar</updater>
	<jar>talkandplay-1.0-SNAPSHOT-jar-with-dependencies.jar</jar>
</properties>
